<?xml version="1.0" encoding="UTF-8"?>
<!--UGC_VERSION = 1024-->
<XML_DOCUMENT xmlns:SOAP-ENC="http://schemas.xmlsoap.org/soap/encoding/">
    <PTC_HEADER>
        <VENDOR>Parametric Technology Corporation</VENDOR>
        <PRODUCT>Creo Parametric 3802021424</PRODUCT>
        <XML_VERSION>1.0</XML_VERSION>
        <HOST_NAME>DESKTOP-2PF06MQ</HOST_NAME>
        <USER>simon</USER>
        <MACHINE_TYPE> Intel64 Family 6 Model 158 Stepping 9  GenuineIntel  2808 MHz</MACHINE_TYPE>
    </PTC_HEADER>
    <zip_manifest_info pointer="TRUE" proe_version="1974" top_model_wname="SC9132-9700-1.ASM"/>
</XML_DOCUMENT>
